name,num
Management,12914
Project Management,9624
Leadership,9451
Microsoft Office,8346
Customer Service,7124
Marketing,6186
Strategic Planning,5730
Sales,5536
Strategy,5196
Business Development,4997
Microsoft Excel,4735
Social Media,4519
Training,4327
Marketing Strategy,4080
Business Strategy,3896
Research,3814
Program Management,3799
Java,3076
Process Improvement,3074
Software Development,3023
Public Speaking,3002
Engineering,2947
New Business Development,2946
Integration,2924
PowerPoint,2822
Project Planning,2734
SQL,2730
Business Analysis,2727
Analysis,2671
Linux,2663
Change Management,2634
Microsoft Word,2545
Negotiation,2486
C++,2416
Manufacturing,2308
Team Building,2244
Account Management,2210
Product Development,2172
Budgets,2087
Team Leadership,2066
Sales Management,2039
Event Planning,1990
Agile Methodologies,1873
JavaScript,1848
Matlab,1810
CRM,1744
C,1711
Financial Analysis,1700
AutoCAD,1689
Testing,1681
Social Media Marketing,1637
XML,1628
Public Relations,1612
Event Management,1608
Marketing Communications,1577
Advertising,1555
Construction,1553
MySQL,1531
Python,1520
Microsoft SQL Server,1485
Operations Management,1423
Data Analysis,1407
HTML,1390
Web Services,1313
Teamwork,1275
Troubleshooting,1265
C#,1262
Contract Management,1261
Human Resources,1239
Requirements Analysis,1219
Business Intelligence,1218
Time Management,1202
Finance,1176
Digital Marketing,1145
Cross-functional Team Leadership,1110
Teaching,1110
Project Engineering,1104
Photoshop,1076
Software Engineering,1059
jQuery,1047
SDLC,1047
Lean Manufacturing,1026
Continuous Improvement,1024
PHP,1015
Recruiting,1011
Accounting,1002
Financial Modeling,1001
Online Advertising,998
Networking,988
Product Management,988
Financial Reporting,957
Telecommunications,950
Risk Management,949
Inventory Management,943
Market Research,918
Cloud Computing,910
Algorithms,909
Start-ups,891
Databases,881
Programming,849
Construction Management,844
Social Networking,830
Sales Operations,824
CSS,817
Forecasting,812
Security,801
Active Directory,792
Team Management,780
Procurement,777
Contract Negotiation,761
Windows Server,756
Simulations,756
Unix,745
Software Project Management,737
.NET,735
Business Process,734
Data Center,731
Civil Engineering,729
English,728
Logistics,716
Customer Satisfaction,713
Solution Selling,711
ITIL,707
Hospitality,705
Machine Learning,702
Vendor Management,699
Auditing,698
Engineering Management,698
Management Consulting,690
Servers,685
Financial Accounting,682
Salesforce.com,676
Outlook,674
Corporate Finance,672
Virtualization,671
Direct Sales,668
Windows,668
Investments,664
Coaching,663
Employee Relations,651
B2B,648
Banking,635
Disaster Recovery,628
Statistics,621
R&D,599
Business Process Improvement,598
Six Sigma,584
Retail,583
Healthcare,582
Data Entry,576
Performance Management,572
Food & Beverage,567
Hotels,567
Web Applications,565
Internal Controls,563
Electronics,563
VMware,560
Online Marketing,557
LaTeX,554
Sales Process,547
Business Planning,545
Supply Chain Management,541
Science,538
Talent Management,531
Restaurants,527
Product Marketing,526
MS Project,522
Oracle,520
Computer Science,517
Commissioning,514
Hospitality Management,505
Email Marketing,503
Talent Acquisition,496
Supply Chain,493
Valuation,476
Strategic Partnerships,475
Editing,469
Portfolio Management,463
Menu Development,463
Sourcing,462
Catering,458
Account Reconciliation,453
System Administration,438
Food,436
Interviews,436
Lifesciences,431
Mechanical Engineering,430
Hospitality Industry,430
Data Mining,430
Entrepreneurship,429
Energy,427
Quality Assurance,424
Accounts Payable,420
Scrum,416
CAD,416
IT Strategy,415
HR Consulting,411
IT Management,409
Molecular Biology,407
Biotechnology,406
Due Diligence,401
Equities,400
Selling,394
Banquets,388
Employee Engagement,386
Purchasing,384
SAP,383
Accounts Receivable,383
Embedded Systems,375
Technical Recruiting,374
Restaurant Management,373
Mergers & Acquisitions,369
Materials Management,367
Network Administration,365
Inspection,365
Semiconductors,365
Marketing Management,361
Network Security,360
Higher Education,352
Personnel Management,350
Biochemistry,348
Curriculum Design,347
Project Estimation,345
Firewalls,345
Eclipse,344
ASP.NET,342
Automation,340
Fine Dining,339
Clinical Research,339
Community Outreach,336
Food Service,336
Web Development,336
Facebook,333
Solidworks,331
Hospitals,330
Qualitative Research,330
ERP,328
InDesign,319
HRIS,318
Graphic Design,314
HR Policies,313
Investment Banking,312
Technical Support,312
Process Engineering,307
Credit,306
Competitive Analysis,303
Architecture,300
Hotel Management,299
TCP/IP,297
Product Design,295
Enterprise Architecture,292
Cisco Technologies,290
Artificial Intelligence,288
General Ledger,286
Distributed Systems,286
Integrated Marketing,284
Project Control,284
Enterprise Software,283
Access,279
Solution Architecture,276
Private Equity,275
Risk Assessment,274
Curriculum Development,273
Key Account Management,272
IT Service Management,270
Cooking,270
Subcontracting,268
Electrical Engineering,267
Concrete,266
Illustrator,264
Requirements Gathering,262
Nonprofits,261
Creative Direction,260
Digital Strategy,260
Git,259
Software Documentation,258
Visio,253
Organizational Development,248
Fundraising,248
Value Engineering,245
SketchUp,244
Root Cause Analysis,243
FMEA,241
E-commerce,240
Web Design,237
Sustainable Design,237
Cost Control,237
Capital Markets,237
Road,232
Loans,231
SharePoint,231
Digital Media,231
Highways,229
Revit,228
Design for Manufacturing,227
Adobe Creative Suite,226
Managerial Finance,223
SOA,222
Payroll,222
Transportation,222
Geotechnical Engineering,221
Culinary Skills,220
Internal Audit,218
Staff Development,213
Cell Culture,212
AJAX,211
Merchandising,210
Copywriting,209
EMR,208
Executive Search,206
User Experience,202
Pharmaceutical Industry,200
Art Direction,198
GMP,197
Mathematical Modeling,197
Pediatrics,196
5S,196
Fashion,195
Derivatives,195
Interior Design,194
Classroom,194
SPC,194
Cost Management,193
Treatment,193
Tax,192
Test Planning,191
Bloomberg,190
Contract Recruitment,190
Design Research,189
Interaction Design,187
Cold Calling,186
Commercial Management,185
Logo Design,184
Water,184
Film,183
GAAP,183
Subversion,182
Healthcare Management,182
Regression Testing,182
Pre-sales,182
Bridge,182
Strategic Financial Planning,181
Cpr Certified,180
Mobile Devices,180
Lead Generation,179
Cuisine,179
Recipes,179
Quality System,179
Systems Engineering,179
User Interface Design,178
Test Automation,178
Onboarding,178
Microsoft Exchange,178
Concept Development,177
Architectural Design,177
Medicine,177
VPN,177
Java Enterprise Edition,177
Typography,176
Supply Management,176
Refurbishing,176
Policy,176
DNS,176
Quantity Surveying,175
Petroleum,175
Analytics,175
Drainage,175
Graphics,174
Financial Risk,173
Illustration,172
Cost Planning,171
Financial Statements,171
Construction Safety,171
Submittals,171
Sarbanes-Oxley Act,171
Photography,169
SaaS,169
Software Quality Assurance,168
Employee Benefits,167
Fixed Income,167
Cost Engineering,166
Instrumentation,166
Petrochemical,164
Program Development,164
Switches,163
Corporate Communications,162
Lecturing,161
Food Safety,160
Pre-opening,160
Manual Testing,160
Leadership Development,160
Lesson Planning,158
Healthcare Information Technology,158
Blogging,158
Credit Analysis,157
Educational Leadership,157
Strategic Sourcing,156
Classroom Management,156
ABAP,156
SAP ERP,156
SAP Implementation,156
SAP R/3,156
SD,156
Test Cases,155
Information Security,155
FDA,154
Cost Reporting,153
Oil/Gas,153
EPC,153
Tender Preparation,152
Warehousing,151
ECC,151
IDOC,151
SAP BW,151
SAP FI,151
SAP MM,151
Educational Technology,150
Patient Education,148
Information Security Management,148
Succession Planning,148
Finite Element Analysis,147
Pro Engineer,147
Employer Branding,146
Software Design,146
Brand Management,145
Structural Engineering,144
Computer Security,143
Sketching,142
Inpatient,140
Recruitment Advertising,140
Tutoring,140
Gas,139
Preventive Maintenance,139
Screening,138
Asset Management,137
Corporate Law,137
Insurance,137
Acute Care,136
CISSP,136
Penetration Testing,136
Vulnerability Assessment,136
Patient Safety,134
Benefits Negotiation,134
Rehabilitation,134
Urban Design,133
Spring,132
WAN,131
E-Learning,131
Routers,130
Hibernate,130
University Teaching,130
Network Engineering,129
Chemistry,129
Recruitments,129
Mental Health,129
Signal Processing,128
Data Migration,128
Logistics Management,127
Supervisory Skills,127
Screening Resumes,126
ANSYS,126
Teacher Training,126
Routing,125
Onshore,125
Architectural Drawings,125
Sop,125
Validation,125
Press Releases,125
Computer Hardware,125
HVAC,125
US GAAP,125
Commercial Banking,124
Medical Devices,124
Network Design,123
Maintenance & Repair,123
BLS,122
International Sales,122
PCR,122
Front Office,122
Database Design,122
Permanent Placement,121
User Acceptance Testing,119
Operating Systems,119
Media Relations,118
HTML 5,118
Retail Banking,117
JSP,117
AutoCAD Architecture,117
Google Analytics,117
Visual Merchandising,116
Brand Development,115
Financial Services,115
Mixed-use,114
Design of Experiments,113
CAPA,113
Nursing,112
System Testing,112
Litigation,112
Corporate Governance,112
Video,111
SEO,111
SAP Netweaver,111
Quality Control,110
Windows 7,110
UML,108
Power Generation,108
Military,108
ASIC,108
ACLS,107
Image Processing,107
Web Analytics,107
Critical Care,106
Residential Design,106
Legal Research,106
Corporate Identity,106
Laboratory,106
Concept Design,105
Legal Writing,105
Automotive,105
Factory,103
JDBC,103
Tomcat,103
Safety Management Systems,103
Clinical Trials,103
Kaizen,102
Vulnerability Management,102
PLC,101
Medical/Surgical,100
Strategic Communications,100
Security Audits,99
Financial Markets,99
Comprehensive Planning,97
Accident Investigation,97
Behavior Based Safety,97
Industrial Safety,97
Occupational Health,97
Variance Analysis,97
Television,97
Quality Management,97
EHS,96
Rendering,96
SEM,96
Hazard Analysis,95
Facilities Management,95
Control Systems Design,95
SCADA,95
Credit Risk,94
Quality Center,94
ISO,94
Legal Assistance,94
ICU,93
Elementary Education,93
Power Distribution,93
Verilog,93
DCS,92
Micros,92
Customer Insight,91
Hazard Recognition,91
Incident Investigation,91
Workplace Safety,91
Commercial Litigation,91
CPA,91
Psychotherapy,91
Deferred Compensation,91
Layout,91
Apache,91
Maintenance Management,90
Data Warehousing,90
IFRS,89
CCNA,89
Perl,89
Performance Appraisal,89
First Aid,89
HIPAA,88
Real Estate,88
Architectures,87
BIM,87
PL/SQL,87
SAS,87
Post Production,87
Skin Care,86
WordPress,86
Intellectual Property,86
Mortgage Lending,85
Embedded Software,85
Orthopedic,85
Cell Biology,84
Sports Medicine,84
Hedge Funds,84
Adolescents,84
Beauty Industry,83
Cosmetics,83
Store Management,83
Chemical Engineering,82
Gourmet,82
Global Sourcing,82
Process Control,81
Civil Litigation,81
Mobile Marketing,80
Group Therapy,80
Cash Flow,79
Change Control,79
Arbitration,79
Legal Advice,79
Video Production,79
Mobile Applications,78
Object Oriented Design,78
After Effects,78
T-SQL,78
Test Management,77
GLP,77
Debugging,77
Physical Therapy,77
Communication,77
Hazard Identification,76
Environmental Awareness,76
Governance,76
Creative Strategy,76
Mental Health Counseling,76
Makeup Artistry,75
Final Cut Pro,75
Manual Therapy,75
Security Clearance,75
Psychology,75
Transportation Engineering,74
Animation,74
Resorts,73
Trading,73
Structural Analysis,73
3D,73
External Audit,73
MRP,73
Emergency Management,72
Wireless,72
Piping,72
Entertainment,72
International Relations,72
Pattern Recognition,72
R,71
Policy Analysis,71
Instructional Design,71
Scalability,71
DoD,71
Autism Spectrum Disorders,70
Crisis Intervention,70
Shipping,70
Military Experience,69
Business Continuity,69
Loan Origination,68
Underwriting,68
OOP,68
Investment Properties,68
Furniture,68
Interior Architecture,68
Space Planning,68
CCTV,68
Apparel,68
International Law,67
Broadcast,67
Video Editing,67
PMP,66
Courts,66
Dispute Resolution,66
Lighting,66
Command,66
Operational Planning,66
ETL,66
Film Production,66
Analytical Skills,66
Communication Skills,66
P&ID,65
Struts,65
User-centered Design,65
Manufacturing Engineering,65
Maven,65
Sports,65
Military Operations,65
National Security,65
Case Managment,65
Family Therapy,65
Social Services,65
Power Systems,65
Process Optimization,64
Process Simulation,64
FPGA,64
Maya,64
Supply Chain Optimization,63
Inventory Control,63
Government,63
Drug Development,62
PCI DSS,62
Computer Animation,62
Visual Studio,62
Market Risk,62
HAZOP,61
Systems Analysis,61
New Media,61
Information Technology,61
Infrastructure,61
Hardware,61
Public Health,60
Value Stream Mapping,60
Furnishings,60
Space-planning,60
Assay Development,60
Statistical Modeling,60
3D Modeling,60
Character Animation,60
JSON,60
Internal Communications,60
Surgery,60
Phlebotomy,59
Clinical Development,59
Regulatory Affairs,59
FF&E,59
Cognition,59
Help Desk Support,59
Drug Discovery,58
Tourism,58
Grant Writing,58
Producing,58
IC,58
Outsourcing,57
Labview,57
Texturing,57
Software Installation,57
Hazardous Materials,56
Dreamweaver,56
Private Investigations,56
Security Management,56
Commodity,56
AML,56
Earthworks,56
PPC,56
Wealth Management,56
MIS,55
Fire Safety,55
Rooms Division,55
User Experience Design,55
JIRA,55
EHR,55
Visual Effects,55
Property,54
Property Management,54
Real Estate Transactions,54
Industrial Hygiene,54
Investigation,54
Physical Security,54
Surveillance,54
Joint Ventures,54
Compositing,54
Computer Graphics,54
Modeling,54
Nuke,54
Branding & Identity,54
Aspen HYSYS,53
Fragrance,53
Floor Plans,53
Protein Chemistry,53
Citrix,53
Beauty,52
Residential Homes,52
Safety Training,52
Pricing,52
Security Operations,52
Interventions,52
Security Architecture Design,52
IPO,52
Compliance,52
Brochures,52
Pastry,51
GD&T,51
Corporate Security,51
Nursing Education,51
FX Options,51
Special Education,51
Marketing Research,51
Segmentation,51
Mental Ray,51
New Hire Orientations,51
Trend Analysis,51
Medical Terminology,50
Real Estate Development,50
Sports Injuries,50
Traumatic Brain Injury,50
Digital Compositing,50
Behavioral Health,50
Posters,50
Production Managment,50
IP,49
Process Safety,49
User Interface,49
Security Training,49
Developmental Disabilities,49
Early Intervention,49
Aircraft,49
General Insurance,49
Offshore Drilling,48
Computer Forensics,48
Construction Drawings,47
Executive Protection,47
Direct Marketing,47
Income Tax,47
Traditional Animation,47
Case Management,47
Capacity Building,46
Access Control,46
Protection,46
Options,46
Pain Management,46
Product Engineering,46
Look Development,46
BGP,46
Network Architecture,46
Microstation,46
XP,46
Call Centers,46
Revenue Analysis,46
Enterprise Risk Management,46
Emergency Medicine,46
FMCG,45
Polymers,45
Commercial Real Estate,45
Urban Planning,45
CISA,45
VBA,45
Google Adwords,45
KYC,45
Relationship Management,45
Trend,45
SAP SD,45
SAPScript,45
Intrusion Detection,45
Regulatory Submissions,44
V&V,44
Styling,44
VMware ESX,44
Commercial Insurance,44
Cost Accounting,43
Information Architecture,43
Defect Tracking,43
Benefits Administration,43
Analog,43
Microcontrollers,43
Microbiology,43
Internal Medicine,43
EKG,42
Leases,42
Invoicing,42
Quality Auditing,42
Home Care,42
AV,42
Test Strategy,42
Quantitative Research,42
Firmware,42
Property & Casualty Insurance,42
Medical Assisting,41
Medical Records,41
Vital Signs,41
Experience Design,41
Industrial Design,41
Technology Transfer,41
Lease Administration,41
Tenant,41
Sustainability,41
Gait Analysis,41
Video Games,41
Textiles,41
Early Childhood Education,40
Financial Audits,40
Media Planning,40
Pharmaceutical Sales,40
HACCP,40
Firearms,40
Functional Training,40
Injury,40
Injury Prevention,40
Game Development,40
PCB Design,40
Warehouse Management,40
Art,40
Liability,40
Drilling,39
Wellness,39
Rhino,39
Corporate Tax,39
Reinsurance,39
Counseling Psychology,39
Adult Education,39
Myofascial Release,39
Semiconductor Industry,39
Game Design,39
Dutch,39
Medical Education,39
Power Plants,38
Sustainable Development,38
Ant,38
EJB,38
JBoss Application Server,38
JUnit,38
Servlets,38
Content Strategy,38
Musculoskeletal,38
Refinery,38
Market Analysis,38
Tax Accounting,38
Trading Systems,38
IT Audit,38
Consulting,38
Equipment Maintenance,38
Pneumatics,38
Interactive Advertising,38
IT Operations,37
Pipelines,37
QuickBooks,37
Back Pain,37
Exercise Prescription,37
Process Automation,37
Alternative Investments,37
Design Control,36
Copy Editing,36
Disposition,36
Usability Testing,36
Non-profits,36
QTP,36
Learning Disabilities,36
International Tax,36
Model Making,36
Professional Services,36
Application Security,36
Corporate Events,36
GCP,36
Sound,36
Applicant Tracking Systems,36
Live Events,36
Mergers,35
Regulatory Requirements,35
Personal Protection,35
Personal Security,35
Workplace Violence,35
Electronic Trading,35
Tax Research,35
Competition Law,35
Employment Law,35
CBT,35
Marine Engineering,35
Maritime,35
Festivals,35
ARM,35
Device Drivers,35
Embedded C,35
RTOS,35
Design Strategy,34
Writing,34
Apartments,34
Safety Auditing,34
Sheet Metal,34
Fitness,34
Music,34
Occupational Therapy,34
Mandarin,34
CE marking,33
Supplier Quality,33
Project Portfolio Management,33
Defense,33
Force Protection,33
Military Logistics,33
Change Orders,33
Identity Management,33
Differentiated Instruction,33
Infectious Diseases,33
Motivational Interviewing,33
Drawing,33
Injection Molding,33
FEED,33
Claim,33
Professional Liability,33
3G,32
Nutrition,32
PMA,32
Usability,32
User Research,32
Wireframes,32
Retail Sales,32
Administrative Law,32
Mediation,32
Hedging,32
Product Launch,32
Army,32
Intelligence,32
Tax Preparation,32
Tax Returns,32
Contract Law,32
Customer Retention,32
Immunology,32
Analytical Chemistry,32
HPLC,32
Mixed Signal,32
Audio Engineering,32
Economics,31
Creative Writing,31
Public Policy,31
Agile Testing,31
System Integration Testing,31
Data Modeling,31
Primavera P6,31
Feasibility Studies,31
Pumps,31
Western Blotting,31
Live Sound,31
Transmission,30
Go-to-market Strategy,30
Axure,30
Flash,30
Emerging Markets,30
Stress Management,30
Oncology,30
Bartending,30
Life Insurance,30
Boilers,30
Litigation Support,30
Personal Development,30
Diabetes,29
Italian Cuisine,29
Composition,29
Pre-construction,29
Renovation,29
Metrology,29
Clinical Data Management,29
EDC,29
Air Compressors,29
Shipbuilding,29
Journalism,28
Renewable Energy,28
Visual Design,28
DMAIC,28
Environmental Compliance,28
GxP,28
Partnership Taxation,28
Music Education,28
Community Development,28
Manufacturing Operations Management,28
OFAC,28
Crisis Communications,28
Mutual Funds,28
SPSS,28
Medical Social Work,28
Operational Risk Management,28
Fiber Optics,27
Rentals,27
Yardi,27
PRINCE2,27
Property Management Systems,27
Classical,27
Music Theory,27
Musical Theatre,27
Business Requirements,27
Graduate Recruitment,27
Genetics,27
Westlaw,27
Physics,27
Computer Games,27
Sensors,27
Legal Liability,27
Machine Tools,27
Design Patterns,27
Editorial,26
Publishing,26
XHTML,26
Environmental Impact Assessment,26
Bookkeeping,26
Criminal Law,26
Foreclosures,26
Short Sales,26
Employee Training,26
Orchestral Music,26
Gameplay,26
Production Planning,26
Casualty,26
Workers Compensation,26
Failure Analysis,26
Circuit Design,26
ELISA,26
Encryption,26
Malware Analysis,26
Network Forensics,26
PKI,26
Project Coordination,25
Design Thinking,25
Magazines,25
Environmental Consulting,25
Water Quality,25
Loss Prevention,25
Equity Derivatives,25
High Availability,25
Chamber Music,25
Ensemble,25
Piano,25
Program Evaluation,25
Information Management,25
Heat Transfer,25
Documentaries,25
Equity Research,25
Catia,25
Android,25
Asset Allocation,25
Oracle E-Business Suite,25
Document Drafting,25
Commercial Lines,25
International Development,24
Environmental Science,24
Store Operations,24
Opera,24
Tax Advisory,24
Band,24
Choral,24
Trading Strategies,24
Thin Films,24
Analog Circuit Design,24
Integrated Circuit Design,24
Theory,24
Bridal Showers,23
Cosmetology,23
Hair Care,23
VoIP,23
Alternative Dispute Resolution,23
Appeals,23
Tax Law,23
Singing,23
Feature Films,23
International Logistics,23
Dentistry,23
PS3,23
SEC filings,23
Petroleum Engineering,22
Hair Cutting,22
Hair Straightening,22
Salons,22
Waxing,22
Project Delivery,22
Construction Law,22
Dispute,22
Professional Negligence,22
Content Management,22
Data Integration,22
Master Data Management,22
CPM Scheduling,22
FIDIC,22
ADP Payroll,22
IDS,22
Career Counseling,22
Energy Management,22
Financials,22
OBIEE,22
Oracle Applications,22
Oracle Discoverer,22
Oracle HR,22
Oracle Reports,22
LIMS,22
Patient Advocacy,22
IPS,22
Bakery,22
Cakes,22
Operational Risk,22
LTE,22
SoC,22
Cabling,21
PPAP,21
Freight,21
Structured Products,21
Condos,21
Listings,21
New Home Sales,21
Referrals,21
Relocation,21
Security Awareness,21
Performance Testing,21
Electrical Troubleshooting,21
Brand Architecture,21
Songwriting,21
Cisco iOS,21
Predictive Analytics,21
Predictive Modeling,21
Earth Science,21
PMO,21
Trials,21
Scientific Computing,21
Health Insurance,21
Performance Tuning,21
Family Medicine,21
Advertising Sales,21
Licensing,21
Business Transformation,20
Accruals,20
Trucking,20
Metal Fabrication,20
Storage,20
Secondary Education,20
Sponsorship,20
Land Use Planning,20
Behavior Management,20
Chromatography,20
Gas Chromatography,20
UV/Vis,20
Corporate Branding,20
Materials,20
Claims Management,20
SSIS,20
HAZWOPER,20
Market Planning,19
Corporate Social Responsibility,19
Profit,19
Wellness Coaching,19
Electrical Safety,19
Electricity,19
Wiring,19
Human Rights,19
Data Architecture,19
Data Warehouse Architecture,19
Actuarial Science,19
ALM,19
Ceridian,19
Kronos,19
PeopleSoft,19
Genomics,19
CRO,19
CTMS,19
Mobile Games,19
Unity3D,19
Investment Strategies,19
Hematology,19
Laboratory Medicine,19
Legal Compliance,19
Foundation Design,19
Navisworks,19
Oilfield,18
Environmental Engineering,18
Environmental Management Systems,18
Environmental Policy,18
Remediation,18
Direct Mail,18
Driving Results,18
Buyer Representation,18
REO,18
Single Family Homes,18
Guest Service Management,18
Competitive Intelligence,18
Biomedical Engineering,18
Design Management,18
Data Management,18
Solid Modeling,18
Asset Managment,18
Database Administration,18
SQL Tuning,18
Food Industry,18
Interactive Marketing,18
Assurance,18
Concept Generation,18
2G,17
GSM,17
Microwave,17
SDH,17
Document Management,17
LNG,17
Climate Change,17
Groundwater,17
Waste Management,17
Journal Entries,17
NDT,17
Luxury,17
Intelligence Analysis,17
Humanitarian Assistance,17
Actuaries,17
Pensions,17
Business Analytics,17
Omniture,17
Psychological Assessment,17
Psychological Testing,17
GIS,17
Foreign Languages,17
System Architecture,17
Investment Advisory,17
Organic Chemistry,17
Cell,17
Microscopy,17
International Education,17
Ingredients,17
Fashion Design,17
Intercultural Communication,17
Health Education,16
Health Promotion,16
Upstream,16
Simulink,16
Environmental Auditing,16
Groundwater Remediation,16
Personal Training,16
Proposal Writing,16
Pharmacy,16
Athletics,16
Bentley Microstation,16
Quantitative Analytics,16
Consolidation,16
Chocolate,16
Food Quality,16
Menu Costing,16
Cardiology,16
Claim Investigation,16
Claims Handling,16
Document Review,16
Completions,16
Board Certified,16
Formation Evaluation,15
Prevention,15
Internet Recruiting,15
Digital Radiography,15
Medical Imaging,15
Commercial Lending,15
Storytelling,15
Engineering Design,15
Stakeholder Management,15
Fitness Training,15
Volunteer Management,15
International Organizations,15
Compounding,15
Field Service,15
Clinical Monitoring,15
ICH-GCP,15
Organizational Leadership,15
Top Secret,15
ArcGIS,15
Financial Advisory,15
Perforce,15
Corporate Real Estate,15
Enforcement,15
3D Studio Max,15
Unix Shell Scripting,15
Export,15
International Business,15
International Trade,15
Embedded Linux,15
Painting,15
Sculpture,15
Extrusion,15
Molding,15
Plastics,15
Managed Services,15
Nutritional Counseling,14
Publications,14
Content Development,14
Web Content,14
Calibration,14
Silicon,14
Clinical Psychology,14
Clinical Supervision,14
Mindfulness,14
Oracle Clinical,14
Literacy,14
Commercials,14
ActionScript,14
Lease Negotiations,14
Legal Documents,14
Blueprint Reading,14
Informatics,14
Banking Law,14
Managed Care,14
Window Displays,14
Contemporary Art,14
Fine Art,14
Visual Arts,14
Computer Repair,14
PLC Programming,14
Robotics,14
High Performance Computing,14
Parallel Computing,14
Anesthesia,14
Animal Husbandry,14
Animal Welfare,14
Animal Work,14
Client Education,14
Dogs,14
Pets,14
Veterinary,14
Veterinary Medicine,14
Photo Shoots,14
Sanitation,13
Building Services,13
Documentum,13
Radiology,13
Organizational Design,13
Pricing Strategy,13
Africa,13
Civil Society,13
NGOs,13
Service Delivery,13
Multimedia,13
Game Programming,13
French,13
Performing Arts,13
Education Reform,13
Educational Consulting,13
Technology Integration,13
Disability Insurance,13
Elder Care,13
Media Buying,13
Agile Project Management,13
CDMA,13
Wine,13
Windows XP,13
MPI,13
Parallel Programming,13
Aseptic Processing,13
Restructuring,13
Unified Communications,13
Field Work,13
ESL,13
Plant Maintenance,12
Computed Tomography,12
X-ray,12
Welding,12
Crisis Management,12
Incident Management,12
Service Management,12
Collection Development,12
Information Literacy,12
Library,12
Library Science,12
Offshore Operations,12
Videography,12
Garden Design,12
Landscape Architecture,12
Landscape Design,12
Landscaping,12
Parks,12
Site Planning,12
Site Plans,12
Streetscape,12
Yield Management,12
COBIT,12
Telemetry,12
Umbrella Insurance,12
Packaging,12
Credit Derivatives,12
Interest Rate Derivatives,12
Hiring,12
Biomechanics,12
Level Design,12
Family Law,12
Personal Injury,12
Pleadings,12
Trademarks,12
CNC,12
Lathe,12
Machining,12
Cancer,12
Storage Area Networks,12
Makeovers,12
Academic Writing,12
Aviation,12
Deep Foundations,12
Retaining Walls,12
Slope Stability,12
TPM,11
Organizational Effectiveness,11
Keratin Treatment,11
ClearCase,11
FX Trading,11
Control Valves,11
Pressure,11
Aphasia,11
Apraxia,11
Articulation,11
Communication Disorders,11
Dysarthria,11
Dysphagia,11
Language Disorders,11
Speech,11
Speech Therapy,11
Advertising Research,11
Consumer Behaviour,11
Focus Groups,11
Primary Research,11
Politics,11
Sports Coaching,11
SAN,11
iOS Development,11
Objective-C,11
Aerospace,11
Resume Writing,11
Hardware Architecture,11
Spanish,11
Term Life Insurance,11
Problem Solving,11
Workforce Planning,11
Litigation Management,11
Subrogation,11
Art Education,11
Art History,11
Mixed Media,11
Group Policy,11
Multi-channel Marketing,11
Medical Research,11
Solaris,11
Critical Thinking,11
ICT,11
Process Management,11
Hair Extensions,11
Tunnels,11
Soil,11
Energy Industry,10
RF,10
Digital Imaging,10
PACS,10
Quality Patient Care,10
Radiography,10
Brand Equity,10
Offshore,10
AutoCAD Civil 3D,10
Land Development,10
Urban,10
Proofreading,10
OSPF,10
Electrical Design,10
Student Affairs,10
Molecular Cloning,10
Epidemiology,10
Power Management,10
BPO,10
Diplomacy,10
Consumer Law,10
CMOS,10
Police,10
Liability Analysis,10
Customer Experience,10
Fashion Shows,10
Numerical Analysis,10
P&L Management,10
Digital Printing,10
Offset Printing,10
Agile,10
DHCP,10
Venture Capital,10
Call Center,10
Integration Testing,10
Test Execution,10
Big Data,10
Distribution Center Operations,10
Meeting Planning,10
Dams,10
Engineering Geology,10
Geotechnics,10
Site Investigation,10
Nutrition Education,9
Newsletters,9
Aspen Plus,9
Clerical Skills,9
Close Protection,9
Juniper,9
Library Instruction,9
Heavy Lifting,9
Offshore Construction,9
Offshore Oil & Gas,9
Subsea Engineering,9
Financial Management,9
Agribusiness,9
Agriculture,9
Agrochemicals,9
Agronomy,9
Corn,9
Crop,9
Crop Protection,9
Farms,9
Horticulture,9
Sustainable Agriculture,9
Motion Graphics,9
Aircraft Maintenance,9
Leisure,9
CCNP,9
Health Policy,9
Monte Carlo Simulation,9
Quantitative Finance,9
Stochastic Calculus,9
Criminal Investigations,9
Hospital Sales,9
Sales Effectiveness,9
Big 4,9
Cosmetic Dentistry,9
Pediatric Dentistry,9
Teeth Whitening,9
Heuristic Evaluation,9
Medical Billing,9
GPS,9
Surveying,9
Topographic Surveys,9
Technical Writing,9
Logging,9
Mineral Exploration,9
Applied Linguistics,9
Language Teaching,9
Teaching English as a Second Language,9
Direct Patient Care,9
Public Safety,9
ASME,9
NSN,8
PDH,8
UMTS,8
WCDMA,8
Clinical Nutrition,8
Dietetics,8
Medical Nutrition Therapy,8
Sports Nutrition,8
Weight Management,8
Commodity Markets,8
Market Intelligence,8
Project Bidding,8
Cataloging,8
Library Management,8
Highway Design,8
Luxury Goods,8
Basel II,8
Premiere,8
Finish,8
Interpreting,8
Translation,8
Improvisation,8
System Design,8
Retirement Planning,8
Global Health,8
Customer Support,8
Anger Management,8
Foreign Policy,8
Self-esteem,8
Yield,8
Consumer Lending,8
Acting,8
Zbrush,8
Printmaking,8
Periodontics,8
Characterization,8
Bank Reconciliation,8
Payroll Taxes,8
Rapid Prototyping,8
Research Design,8
Animal Behavior,8
Animal Nutrition,8
Soft Tissue Surgery,8
Veterinary Public Health,8
Petroleum Geology,8
Japanese,8
Housekeeping,8
Theatre,8
Epic Systems,8
Stata,7
Arc Welding,7
MIG Welding,7
Pressure Vessels,7
Stainless Steel,7
TIG Welding,7
Concierge Services,7
Political Campaigns,7
REST,7
Information Retrieval,7
Physical Education,7
IRB,7
Protocol,7
Land Use,7
Transportation Planning,7
Custom Furniture,7
VHDL,7
Linguistics,7
Localization,7
Technical Translation,7
Contemporary Music,7
Series 7,7
Mining,7
Laptops,7
Bioinformatics,7
Branch Banking,7
Branch Management,7
Coatings,7
Clinical Pharmacology,7
Clinical Pharmacy,7
Immunization,7
Medication Therapy Management,7
Patient Counseling,7
Pharmacology,7
Pharmacy Automation,7
Cross Selling,7
Lines of Credit,7
Small Business Lending,7
Executive Management,7
MathCAD,7
Reinforced Concrete,7
STAAD,7
Steel,7
Steel Design,7
Steel Structures,7
Actuarial,7
Embedded Value,7
Solvency II,7
Income Statement,7
UV Mapping,7
Persona,7
Wire Framing,7
Pattern,7
Sewing,7
Investment Management,7
Healthcare Consulting,7
Revenue Cycle,7
PDMS,7
Ankle,7
Diabetic Foot Care,7
Foot,7
Orthotics,7
Podiatry,7
Wound Care,7
Real Estate Economics,7
Office Management,7
Adobe Acrobat,7
FrameMaker,7
Manuals,7
Online Help,7
RoboHelp,7
Technical Communication,7
Technical Documentation,7
PDS,7
Plant Design,7
Energy Efficiency,7
Applied Behavior Analysis,7
Behavior Modification,7
Geological Mapping,7
Geology,7
Geophysics,7
Seismology,7
Sequence Stratigraphy,7
Stratigraphy,7
Structural Geology,7
Emergency Services,7
Incident Command,7
NIMS,7
Preparedness,7
Career Assessment,7
Career Development,7
Homeland Security,7
Ecology,7
Endangered Species,7
Sports Management,7
Sports Marketing,7
Private Banking,7
Cadence Virtuoso,7
Low-power Design,7
Spectre,7
VLSI,7
Holistic Health,7
Wellbeing,7
Beer,7
Oil & Gas Industry,6
Safety Engineering,6
a,6
Acoustics,6
Rail,6
Econometrics,6
Time Series Analysis,6
Urban Regeneration,6
Maritime Operations,6
Orchestration,6
Concerts,6
Computer Architecture,6
Retirement,6
Spectroscopy,6
Biostatistics,6
Demand Planning,6
International Health,6
Flow Cytometry,6
Broadcast Television,6
HD Video,6
Certified Immunizer,6
Community Pharmacy,6
Pharmacy Benefit Management,6
Pharmacy Practice,6
Deposits,6
Medicare,6
Acquisition Integration,6
Web Project Management,6
Department Stores,6
Clinical Operations,6
Music Industry,6
Contextual Inquiry,6
Usability Engineering,6
User Scenarios,6
Knitwear,6
Baking,6
Recording,6
Company Secretarial Work,6
Public Sector,6
VMware Infrastructure,6
FHA,6
Fund Accounting,6
Fund Administration,6
Innovation Management,6
Geochemistry,6
Gold,6
Hydrogeology,6
Minerals,6
Sampling,6
Sedimentology,6
MEL,6
College Recruiting,6
Disaster Response,6
EMS,6
Firefighting,6
Rescue,6
Aquatic Ecology,6
Environmental Education,6
Wetlands,6
Wildlife,6
Casual Games,6
Game Mechanics,6
MMO,6
Multiplayer,6
Social Games,6
Completion,6
Business Travel,6
Leisure Travel,6
Travel Management,6
Travel Planning,6
Dance,6
Grief Counseling,6
Palliative Care,6
Exercise Physiology,6
Strength Training,6
Health,6
Market Access,6
Medical Affairs,6
Pharmacovigilance,6
Economic Research,5
International Economics,5
Macroeconomics,5
Academic Libraries,5
Digital Libraries,5
Electronic Resources,5
Library Reference,5
Library Research,5
Metadata,5
Virtual Reference,5
Regional Planning,5
Zoning,5
Constructability,5
Estimates,5
Market Development,5
Accompaniment,5
Music History,5
Piano Education,5
Estate Planning,5
Nanotechnology,5
EIGRP,5
MPLS,5
QoS,5
Routing Protocols,5
Electrical,5
Excel,5
SAS Programming,5
SMSTS,5
Demand Forecasting,5
Hotel Booking,5
Revenue Forecasting,5
Lifestyle,5
Biofuels,5
Catalysis,5
Confocal Microscopy,5
Application Architecture,5
Avid,5
Broadcast Engineering,5
Bonds,5
Defined Benefit,5
Economic Capital,5
Pension Funds,5
Automobile,5
Indemnity,5
Insurance Law,5
Hard Surface Modeling,5
Unreal Engine 3,5
Ruby,5
Dental Assisting,5
Dental Care,5
Dentrix,5
Infection Control,5
Local Anesthesia,5
Nitrous Oxide,5
Oral Care,5
Periodontal Disease,5
Fit,5
Digital Sculpting,5
Mudbox,5
Endocrinology,5
Rheumatology,5
Urology,5
DFT,5
JMP,5
Test Engineering,5
DNA Extraction,5
Music Production,5
Studio Recording,5
Dissolution,5
Aseptic Technique,5
Materials Science,5
Transportation Management,5
Business Objects,5
Temporary Placement,5
Contact Lenses,5
Eyewear,5
Glaucoma,5
Ophthalmology,5
Reliability,5
Reliability Engineering,5
Trade Shows,5
Commodities,5
Aesthetics,5
Cocktails,5
Master Planning,5
Business Alliances,5
Transfer Pricing,5
Choreography,5
l,4
APQP,4
MVC,4
Admissions,4
Logistic Regression,4
Corporate Development,4
Microsoft Technologies,4
Public Libraries,4
Small Business,4
Construction Site Management,4
CSCS,4
Site Management,4
Social Housing,4
Tolerance Analysis,4
Humanitarian,4
Counterterrorism,4
Internal Investigations,4
Ethernet,4
LAN-WAN,4
IT Recruitment,4
Mathematica,4
Structured Finance,4
Wovens,4
Cinematics,4
Gastroenterology,4
Neurology,4
IIS,4
Spreadsheets,4
FTIR,4
Titration,4
TLC,4
Fleet Management,4
DirectX,4
Lua,4
OpenGL,4
Industrial Engineering,4
Mortgage Banking,4
Refinance,4
Residential Mortgages,4
Parties,4
Landlords,4
Behavioral Intervention,4
Functional Behavior Assessments,4
Parent Education,4
Ambulance,4
Emergency Medical,4
PALS,4
Football,4
Airlines,4
Avionics,4
Test Equipment,4
Hatha Yoga,4
Meditation,4
Reiki,4
Yoga,4
Fashion Illustration,4
Tech Packs,4
Stage,4
Stimulation,4
Copyright Law,4
Crime Prevention,4
Criminal Justice,4
Evidence,4
Interrogation,4
Cruises,4
Online Travel,4
Sabre,4
Media Production,4
Instructor-led Training,4
Bank Secrecy Act,4
Heat Exchangers,4
Computer System Validation,4
Selenium,4
Vocational Rehabilitation,4
Selling Skills,4
Houdini,4
Invisalign,4
Oral Surgery,4
Orthodontics,4
Prosthodontics,4
Restorative Dentistry,4
TMJ dysfunction,4
News Writing,4
Reality,4
Background Art,3
Cartoons,3
Security Policy,3
Medical Physics,3
MRI,3
Radiation,3
Radiation Therapy,3
Fixed Annuities,3
Budgeting,3
EAI,3
TOGAF,3
Radio,3
Executive Coaching,3
Questionnaire Design,3
Currency,3
Equity Trading,3
Foreign Exchange,3
Instructional Technology,3
A&R,3
Brokerage,3
Operational Excellence,3
Art Exhibitions,3
Galleries,3
Environment Art,3
Zend Framework,3
Immunohistochemistry,3
Student Counseling,3
Technical Drawing,3
Pulmonology,3
Visual Communication,3
Reputation Management,3
IND,3
Mathematics,3
FHA Financing,3
Government Loans,3
Real Estate Financing,3
Reverse Mortgages,3
USDA,3
VA Loans,3
Building Automation,3
Building Management Systems,3
HVAC Controls,3
Data Governance,3
DB2,3
Erwin,3
Environmental Permitting,3
Hazardous Waste Management,3
Stormwater Management,3
Child Development,3
RTI,3
Shading,3
Community Management,3
Staffing Services,3
Event Producing,3
Relationship Marketing,3
Trade Finance,3
Mobile Design,3
Monetization,3
Web Application Security,3
Flights,3
Drilling Engineering,3
Field Development,3
Administration,3
Patents,3
Employment Practices Liability,3
SSRS,3
Compensation & Benefit,3
Acupuncture,3
Chiropractic,3
Graston Technique,3
Headaches,3
Low Back Pain,3
Neck Pain,3
Sciatica,3
Healing,3
Relaxation,3
Alternative Energy,3
Cross-border Transactions,3
Oil Painting,3
Pro Tools,3
Game Balance,3
Scripting,3
Wii,3
Ballet,3
Contemporary Dance,3
Dance Education,3
Jazz Dance,3
Digital Painting,3
Mac,3
Experimentation,3
Management Development,3
Consumer Products,3
Trade Marketing,3
AED,3
Athletic Training,3
Kinesiology,3
Strength & Conditioning,3
Storyboarding,3
Spa,3
Adventure Travel,3
Hiking,3
Sustainable Tourism,3
Tourism Management,3
Vacation,3
Convention Services,3
Special Effects,3
Crowns,3
Dentures,3
Endodontics,3
Root Canal,3
Veneers,3
Tennis,3
Screenwriting,3
Weight,2
Communications Planning,2
n,2
o,2
t,2
_,2
v,2
i,2
b,2
e,2
Economic Policy,2
Eviews,2
Monetary Policy,2
Cash Management,2
Hadoop,2
Public Affairs,2
DICOM,2
Image Analysis,2
Nuclear Medicine,2
Radiation Protection,2
Radiation Safety,2
Community Health,2
Literature Reviews,2
Homeowners,2
Core Java,2
Scientific Writing,2
Digital Asset Management,2
Digital TV,2
Digital Video,2
IPTV,2
Non-linear Editing,2
Satellite,2
Streaming Media,2
Biomaterials,2
Low Poly Modeling,2
Texture Painting,2
Denim,2
Private Label,2
Target Costing,2
Textile Industry,2
Equity Valuation,2
D&O,2
Excess,2
Acquisitions,2
Lifeguarding,2
Swimming,2
Camera,2
Operations Research,2
Optimization,2
FPSO,2
Water Resources,2
Care Planning,2
Gerontology,2
Long-term Care,2
Medicaid,2
Childcare,2
Digital Photography,2
Job Search Strategies,2
Therapeutic Areas,2
Human Computer Interaction,2
Air Freight,2
Airports,2
Rock Mechanics,2
Tunneling,2
Business Process Design,2
Requirements Management,2
Electronic Warfare,2
Navy,2
Cement,2
Deepwater,2
Directional Drilling,2
QHSE,2
Rig,2
Well Control,2
Patent Litigation,2
Patent Prosecution,2
Patentability,2
Food Manufacturing,2
Food Processing,2
Food Science,2
Draping,2
Mood Boards,2
ASA,2
Checkpoint,2
Cisco Routers,2
Aromatherapy,2
Bodywork,2
Chair Massage,2
Chronic Pain,2
Deep Tissue Massage,2
Neuromuscular Therapy,2
Reflexology,2
Stretching,2
Swedish,2
Therapeutic Massage,2
Revenue Management,2
Biopharmaceuticals,2
Background Checks,2
Fraud,2
Vray,2
Ergonomics,2
Sportswear,2
Food Pairing,2
Wine Knowledge,2
Wine Tasting,2
Computational Physics,2
Optics,2
Outplacement,2
Grants,2
Privacy Law,2
First Responder,2
Facial Animation,2
Pre-visualization,2
Console,2
Audio Editing,2
Audio Post Production,2
Professional Audio,2
Sound Design,2
Sound Editing,2
Inventory,2
Books,2
Securities,2
Real Property,2
Polymer Chemistry,2
Workshop Facilitation,2
Applied Mathematics,2
Linear Algebra,2
Property Damage,2
Pricing Analysis,2
Petrel,2
Reservoir Management,2
Acrylic,2
Watercolor,2
Electronics Repair,2
Soldering,2
Final Draft,2
Script Coverage,2
Short Films,2
Feature Articles,2
Newspapers,2
Online Journalism,2
Dynamics,2
Realflow,2
Technical Direction,2
VFX Supervision,2
LEED,2
BSS,2
Core Network,2
Signal Integrity,2
Assortment,2
Fashion Buying,2
Merchandise Planning,2
Retail Buying,2
Mobile Advertising,1
Conducting,1
Finale,1
Legal Issues,1
Lexis,1
Condition Monitoring,1
Planned Preventative Maintenance,1
Predictive Maintenance,1
Oil&Gas,1
Telephone Skills,1
Lifestyle Coaching,1
Advisory Boards,1
Manuscript,1
Medical Communications,1
Medical Writing,1
Neuroscience,1
Publication Planning,1
in Vitro,1
Particle Effects,1
Rotoscoping,1
Resource Management,1
Curating,1
CentOS,1
Nagios,1
Shell Scripting,1
Fixed Assets,1
Characters,1
Ambulatory Care,1
Disease Management,1
Hospital Pharmacy,1
Drums,1
Percussion,1
Rock,1
Political Science,1
Gas Turbines,1
Steam,1
Steam Turbines,1
Turbines,1
Certified Mortgage Planning,1
OB/GYN,1
Air Quality,1
Wastewater Treatment,1
Decoration,1
Floral Design,1
Flowers,1
Wedding Planning,1
Weddings,1
Commercialization,1
Home Staging,1
Legislative Relations,1
Fluorescence Microscopy,1
qPCR,1
PEO,1
Earned Value Management,1
Space Systems,1
Spacecraft,1
Aesthetic Surgery,1
Blepharoplasty,1
Body Contouring,1
Breast,1
Breast Augmentation,1
Facelift,1
Fillers,1
Juvederm,1
Liposuction,1
Microsurgery,1
Plastic Surgery,1
Radiesse,1
Reconstructive Surgery,1
Restylane,1
Rhinoplasty,1
Tummy Tuck,1
Customer Relations,1
Patent Searching,1
Prosecution,1
3PL,1
Outdoor Advertising,1
Sales Presentations,1
Architectural Lighting,1
Dialux,1
Lighting Control,1
Lighting Design,1
Stage Lighting,1
Stage Management,1
Textile Design,1
Investor Relations,1
GoSystems,1
ProSystem FX Tax,1
Arts Administration,1
Symphony,1
Violin,1
Natural Gas,1
Wireline,1
Bass,1
Guitar,1
Breast Cancer,1
Cancer Research,1
Keyshot,1
iLife,1
iWork,1
OS X,1
Carpentry,1
Credit Cards,1
Angel Investing,1
Proprietary Trading,1
Academic Tutoring,1
Orthopedic Rehabilitation,1
Outpatient Orthopedics,1
Shoulder,1
Spine,1
Rigging,1
XSI,1
Essential Oils,1
Flavors,1
Formulation,1
Personal Care,1
Product Innovation,1
Raw Materials,1
Commercial Photography,1
Event Photography,1
Fine Art Photography,1
Image Editing,1
Image Manipulation,1
Lightroom,1
Photojournalism,1
Photos,1
Portrait Photography,1
Portraits,1
Airbrush,1
Runway,1
VAT,1
Audio Mixing,1
FOH,1
Logic Pro,1
Mastering,1
Scouting,1
Soccer,1
Information Design,1
General Surgery,1
Casting,1
Corel Draw,1
Laser Cutting,1
Props,1
ASP.NET MVC,1
CMMI,1
Crystal Reports,1
Entity Framework,1
Geospatial Data,1
Informix,1
Interim Management,1
Job Coaching,1
Job Search,1
Cinema 4D,1
Motion Design,1
Technical Analysis,1
Temporary Staffing,1
Claims Resolution,1
Camera Operating,1
Cinematography,1
Directing,1
Final Cut Studio,1
ABR,1
Townhomes,1
Biodiversity,1
Biology,1
Botany,1
Conservation Issues,1
Ecological Restoration,1
Natural Resource Management,1
Wildlife Biology,1
Counseling,1
Law Enforcement Operations,1
Patrol,1
Criminology,1
Reservoir Engineering,1
Reservoir Simulation,1
Well Testing,1
Algorithm Design,1
Natural Language Processing,1
SnagIt,1
Personal Shopping,1
Wardrobe,1
Air Force,1
Aircraft Systems,1
Airworthiness,1
Helicopters,1
Overhaul,1
Sound Reinforcement,1
American Sign Language,1
Braces,1
Invisible Braces,1
Orthognathic Surgery,1
Practice Management,1
Sleep Apnea,1
Income Protection,1
Superannuation,1
Wealth,1
AP Style,1
Breaking News,1
Inversion,1
Petrophysics,1
Seismic Imaging,1
LinkedIn,1
Social Media Measurement,1
Charter,1
Civil Aviation,1
Commercial Aviation,1
Crew Resource Management,1
Flight Planning,1
Flight Safety,1
Flight Test,1
Flight Training,1
Human Factors,1
Piloting,1
Type Rating,1
Visual Basic,1
Broadcast Journalism,1
Corporate Actions,1
Fund of Funds,1
Avid Media Composer,1
Drama,1
Voice Acting,1
Voice Over,1
Biblical Studies,1
Church Events,1
Discipleship,1
Evangelism,1
Gospel,1
Missions,1
Pastoral,1
Pastoral Care,1
Pastoral Counseling,1
Preaching,1
Religion,1
Spiritual Direction,1
Theology,1
Youth Ministry,1
Design-Build,1
Green Building,1
Training Delivery,1
Franchising,1
Telephony,1
Shopper Marketing,1
Animal Models,1
Pathology,1
Toxicology,1
Mortgage Underwriting,1
NEPA,1
Phase I,1
Comedy,1
Cyberlaw,1
Quality Improvement,1
Community Consultation,1
Environmental Planning,1
Local Government,1
Placemaking,1
Redevelopment,1
OLAP,1
Client Counseling,1
Invention,1
Trade Secrets,1
Trademark Infringement,1
Game Art,1
Asset Based Lending,1
Commercial Mortgages,1
Character Rigging,1
Respiratory Therapy,1
Conflict Resolution,1
Distance Learning,1
Broadband,1
Business Excellence,1
FTTx,1
Optical Fiber,1
Ground Improvement,1
Slope Stability Analysis,1
Electric Power,1
